Position,Name,Salary,Game Info,TeamAbbrev,AvgPointsPerGame
QB,Josh Allen,10000,LAC@BUF 09/27/2026 1:00PM ET,BUF,38.24
QB,Bryce Young,10000,CAR@CLE 09/27/2026 1:00PM ET,CAR,27.76
QB,Patrick Mahomes,10000,KC@MIA 09/27/2026 1:00PM ET,KC,25.32
QB,Brock Purdy,10000,ARI@SF 09/27/2026 4:05PM ET,SF,24.79
QB,Jared Goff,9700,NYJ@DET 09/27/2026 1:00PM ET,DET,23.11
QB,Tyler Shough,9600,LV@NO 09/27/2026 4:25PM ET,NO,22.79
QB,Caleb Williams,9500,PHI@CHI 09/28/2026 8:15PM ET,CHI,22.49
QB,Dak Prescott,9400,BAL@DAL 09/27/2026 4:25PM ET,DAL,22.08
QB,Jalen Hurts,9100,PHI@CHI 09/28/2026 8:15PM ET,PHI,20.44
QB,Lamar Jackson,9000,BAL@DAL 09/27/2026 4:25PM ET,BAL,19.88
QB,Drew Lock,8400,SEA@WAS 09/27/2026 1:00PM ET,SEA,17.09
QB,Kirk Cousins,8400,LV@NO 09/27/2026 4:25PM ET,LV,17.01
QB,Deshaun Watson,8300,CAR@CLE 09/27/2026 1:00PM ET,CLE,16.86
QB,C.J. Stroud,8300,HOU@IND 09/27/2026 1:00PM ET,HOU,16.74
QB,Jordan Love,8300,ATL@GB 09/24/2026 8:15PM ET,GB,16.64
QB,Jayden Daniels,8200,SEA@WAS 09/27/2026 1:00PM ET,WAS,16.2
QB,Trevor Lawrence,8200,NE@JAX 09/27/2026 1:00PM ET,JAX,16.13
QB,Matthew Stafford,8100,LA@DEN 09/27/2026 8:20PM ET,LA,15.54
QB,Cam Ward,8100,TEN@NYG 09/27/2026 1:00PM ET,TEN,15.86
QB,Joe Burrow,8000,CIN@PIT 09/27/2026 1:00PM ET,CIN,15.17
QB,Malik Willis,7900,KC@MIA 09/27/2026 1:00PM ET,MIA,14.59
QB,Jaxson Dart,7700,TEN@NYG 09/27/2026 1:00PM ET,NYG,13.7
QB,Carson Wentz,7500,MIN@TB 09/27/2026 4:05PM ET,MIN,12.77
QB,Geno Smith,7400,NYJ@DET 09/27/2026 1:00PM ET,NYJ,12.44
QB,Baker Mayfield,7300,MIN@TB 09/27/2026 4:05PM ET,TB,11.91
QB,Jacoby Brissett,7200,ARI@SF 09/27/2026 4:05PM ET,ARI,11.49
QB,Justin Herbert,7000,LAC@BUF 09/27/2026 1:00PM ET,LAC,10.57
QB,Bo Nix,6900,LA@DEN 09/27/2026 8:20PM ET,DEN,9.78
QB,Daniel Jones,6900,HOU@IND 09/27/2026 1:00PM ET,IND,10.22
QB,Drake Maye,6700,NE@JAX 09/27/2026 1:00PM ET,NE,8.92
QB,Marcus Mariota,6600,SEA@WAS 09/27/2026 1:00PM ET,WAS,8.74
QB,Aaron Rodgers,6500,CIN@PIT 09/27/2026 1:00PM ET,PIT,8.26
QB,Jameis Winston,5300,TEN@NYG 09/27/2026 1:00PM ET,NYG,2.54
QB,Tyson Bagent,5300,PHI@CHI 09/28/2026 8:15PM ET,CHI,2.16
QB,Cooper Rush,5300,ATL@GB 09/24/2026 8:15PM ET,ATL,2.58
QB,Stetson Bennett,5100,LA@DEN 09/27/2026 8:20PM ET,LA,1.42
QB,Kenny Pickett,5000,CAR@CLE 09/27/2026 1:00PM ET,CAR,1.0
QB,Sam Darnold,4900,SEA@WAS 09/27/2026 1:00PM ET,SEA,0.52
QB,Mason Rudolph,4900,CIN@PIT 09/27/2026 1:00PM ET,PIT,0.3
QB,Jack Strand,4800,ATL@GB 09/24/2026 8:15PM ET,ATL,-0.04
QB,Mac Jones,4800,ARI@SF 09/27/2026 4:05PM ET,SF,-0.2
QB,Nick Mullens,4800,NE@JAX 09/27/2026 1:00PM ET,JAX,-0.3
QB,Kyler Murray,4800,MIN@TB 09/27/2026 4:05PM ET,MIN,-0.38
RB,Kenneth Walker III,9100,KC@MIA 09/27/2026 1:00PM ET,KC,28.95
RB,Jahmyr Gibbs,9000,NYJ@DET 09/27/2026 1:00PM ET,DET,28.45
RB,Jonathan Taylor,8700,HOU@IND 09/27/2026 1:00PM ET,IND,27.15
RB,Derrick Henry,8600,BAL@DAL 09/27/2026 4:25PM ET,BAL,26.5
RB,D'Andre Swift,7800,PHI@CHI 09/28/2026 8:15PM ET,CHI,22.65
RB,Ashton Jeanty,7500,LV@NO 09/27/2026 4:25PM ET,LV,21.5
RB,Bijan Robinson,7500,ATL@GB 09/24/2026 8:15PM ET,ATL,21.2
RB,Chuba Hubbard,7000,CAR@CLE 09/27/2026 1:00PM ET,CAR,19.05
RB,Christian McCaffrey,6800,ARI@SF 09/27/2026 4:05PM ET,SF,18.2
RB,Breece Hall,6600,NYJ@DET 09/27/2026 1:00PM ET,NYJ,17.0
RB,Bucky Irving,6500,MIN@TB 09/27/2026 4:05PM ET,TB,16.65
RB,David Montgomery,6500,HOU@IND 09/27/2026 1:00PM ET,HOU,16.65
RB,Javonte Williams,6400,BAL@DAL 09/27/2026 4:25PM ET,DAL,16.1
RB,Kyren Williams,6300,LA@DEN 09/27/2026 8:20PM ET,LA,15.6
RB,James Cook,6200,LAC@BUF 09/27/2026 1:00PM ET,BUF,15.4
RB,Chase Brown,6200,CIN@PIT 09/27/2026 1:00PM ET,CIN,15.0
RB,Kyle Monangai,6000,PHI@CHI 09/28/2026 8:15PM ET,CHI,14.1
RB,TreVeyon Henderson,5900,NE@JAX 09/27/2026 1:00PM ET,NE,13.6
RB,Omarion Hampton,5700,LAC@BUF 09/27/2026 1:00PM ET,LAC,12.9
RB,Bhayshul Tuten,5500,NE@JAX 09/27/2026 1:00PM ET,JAX,12.0
RB,Jordan Mason,5500,MIN@TB 09/27/2026 4:05PM ET,MIN,11.9
RB,Cam Skattebo,5500,TEN@NYG 09/27/2026 1:00PM ET,NYG,11.8
RB,De'Von Achane,5400,KC@MIA 09/27/2026 1:00PM ET,MIA,11.45
RB,Travis Etienne,5300,LV@NO 09/27/2026 4:25PM ET,NO,10.95
RB,Aaron Jones,5200,MIN@TB 09/27/2026 4:05PM ET,MIN,10.25
RB,Jeremiyah Love,5200,ARI@SF 09/27/2026 4:05PM ET,ARI,10.25
RB,Jaylen Warren,5100,CIN@PIT 09/27/2026 1:00PM ET,PIT,10.0
RB,Rachaad White,5000,SEA@WAS 09/27/2026 1:00PM ET,WAS,9.5
RB,Kendre Miller,4900,LV@NO 09/27/2026 4:25PM ET,NO,9.0
RB,Jacory Croskey-Merritt,4900,SEA@WAS 09/27/2026 1:00PM ET,WAS,9.2
RB,Rhamondre Stevenson,4900,NE@JAX 09/27/2026 1:00PM ET,NE,9.05
RB,Quinshon Judkins,4800,CAR@CLE 09/27/2026 1:00PM ET,CLE,8.4
RB,RJ Harvey,4700,LA@DEN 09/27/2026 8:20PM ET,DEN,8.1
RB,Jonah Coleman,4600,LA@DEN 09/27/2026 8:20PM ET,DEN,7.4
RB,Blake Corum,4600,LA@DEN 09/27/2026 8:20PM ET,LA,7.8
RB,Alvin Kamara,4500,LV@NO 09/27/2026 4:25PM ET,NO,7.2
RB,Emmett Johnson,4500,KC@MIA 09/27/2026 1:00PM ET,KC,7.15
RB,Devin Singletary,4500,TEN@NYG 09/27/2026 1:00PM ET,NYG,7.35
RB,Tyjae Spears,4400,TEN@NYG 09/27/2026 1:00PM ET,TEN,6.7
RB,Woody Marks,4400,HOU@IND 09/27/2026 1:00PM ET,HOU,6.75
RB,Tyler Allgeier,4400,ARI@SF 09/27/2026 4:05PM ET,ARI,6.45
RB,Tank Bigsby,4300,PHI@CHI 09/28/2026 8:15PM ET,PHI,6.05
RB,Braelon Allen,4300,NYJ@DET 09/27/2026 1:00PM ET,NYJ,6.25
RB,MarShawn Lloyd,4300,ATL@GB 09/24/2026 8:15PM ET,GB,6.15
RB,Jadarian Price,4300,SEA@WAS 09/27/2026 1:00PM ET,SEA,6.4
RB,Saquon Barkley,4300,PHI@CHI 09/28/2026 8:15PM ET,PHI,6.0
RB,Brian Robinson,4200,ATL@GB 09/24/2026 8:15PM ET,ATL,5.9
RB,Tony Pollard,4200,TEN@NYG 09/27/2026 1:00PM ET,TEN,5.95
RB,Samaje Perine,4200,CIN@PIT 09/27/2026 1:00PM ET,CIN,5.6
RB,Rico Dowdle,4100,CIN@PIT 09/27/2026 1:00PM ET,PIT,5.25
RB,Kaelon Black,4100,ARI@SF 09/27/2026 4:05PM ET,SF,5.25
RB,Emanuel Wilson,4000,SEA@WAS 09/27/2026 1:00PM ET,SEA,4.75
RB,Tyler Badie,4000,LA@DEN 09/27/2026 8:20PM ET,DEN,4.9
RB,Jonathon Brooks,4000,CAR@CLE 09/27/2026 1:00PM ET,CAR,4.65
RB,Brady Russell,3800,SEA@WAS 09/27/2026 1:00PM ET,SEA,4.0
RB,Kenny Gainwell,3800,MIN@TB 09/27/2026 4:05PM ET,TB,3.65
RB,Justice Hill,3800,BAL@DAL 09/27/2026 4:25PM ET,BAL,3.8
RB,J.K. Dobbins,3800,LA@DEN 09/27/2026 8:20PM ET,DEN,3.6
RB,Raheim Sanders,3800,CAR@CLE 09/27/2026 1:00PM ET,CLE,3.85
RB,Will Shipley,3700,PHI@CHI 09/28/2026 8:15PM ET,PHI,3.55
RB,Ronnie Rivers,3700,LA@DEN 09/27/2026 8:20PM ET,LA,3.4
RB,Chris Brooks,3700,ATL@GB 09/24/2026 8:15PM ET,GB,3.25
RB,Ameer Abdullah,3700,NE@JAX 09/27/2026 1:00PM ET,JAX,3.25
RB,Keaton Mitchell,3600,LAC@BUF 09/27/2026 1:00PM ET,LAC,2.9
RB,Sione Vaki,3600,NYJ@DET 09/27/2026 1:00PM ET,DET,2.9
RB,Lan Larison,3600,NE@JAX 09/27/2026 1:00PM ET,NE,2.9
RB,DJ Herman,3600,KC@MIA 09/27/2026 1:00PM ET,MIA,2.8
RB,George Holani,3600,SEA@WAS 09/27/2026 1:00PM ET,SEA,2.7
RB,Bam Knight,3500,ARI@SF 09/27/2026 4:05PM ET,ARI,2.4
RB,Mike Washington Jr.,3500,LV@NO 09/27/2026 4:25PM ET,LV,2.4
RB,DeeJay Dallas,3400,MIN@TB 09/27/2026 4:05PM ET,MIN,2.05
RB,Kaytron Allen,3400,SEA@WAS 09/27/2026 1:00PM ET,WAS,2.0
RB,Chris Rodriguez Jr.,3400,NE@JAX 09/27/2026 1:00PM ET,JAX,1.8
RB,Kaleb Johnson,3300,ATL@GB 09/24/2026 8:15PM ET,GB,1.6
RB,Travis Homer,3300,CIN@PIT 09/27/2026 1:00PM ET,PIT,1.6
RB,Jordan James,3300,ARI@SF 09/27/2026 4:05PM ET,SF,1.5
RB,Reggie Gilliam,3300,NE@JAX 09/27/2026 1:00PM ET,NE,1.4
RB,Demond Claiborne,3300,MIN@TB 09/27/2026 4:05PM ET,MIN,1.2
RB,AJ Dillon,3300,CAR@CLE 09/27/2026 1:00PM ET,CAR,1.25
RB,Nicholas Singleton,3200,TEN@NYG 09/27/2026 1:00PM ET,TEN,1.0
RB,Emari Demercado,3200,BAL@DAL 09/27/2026 4:25PM ET,DAL,0.75
RB,Ollie Gordon II,3100,KC@MIA 09/27/2026 1:00PM ET,MIA,0.7
RB,Jaylen Wright,3100,KC@MIA 09/27/2026 1:00PM ET,MIA,0.5
RB,Najee Harris,3100,TEN@NYG 09/27/2026 1:00PM ET,NYG,0.6
RB,CJ Donaldson,3100,LV@NO 09/27/2026 4:25PM ET,NO,0.7
RB,Corey Kiner,3100,NE@JAX 09/27/2026 1:00PM ET,NE,0.55
RB,Seth McGowan,3100,HOU@IND 09/27/2026 1:00PM ET,IND,0.5
RB,Hunter Luepke,3100,BAL@DAL 09/27/2026 4:25PM ET,DAL,0.4
RB,Jaleel McLaughlin,3100,CAR@CLE 09/27/2026 1:00PM ET,CLE,0.3
RB,Frank Gore Jr.,3100,LAC@BUF 09/27/2026 1:00PM ET,BUF,0.3
RB,Ray Davis,3000,LAC@BUF 09/27/2026 1:00PM ET,BUF,0.15
RB,Julius Chestnut,3000,TEN@NYG 09/27/2026 1:00PM ET,TEN,0.0
RB,Roschon Johnson,3000,PHI@CHI 09/28/2026 8:15PM ET,CHI,0.0
RB,Jacob Saylors,3000,NYJ@DET 09/27/2026 1:00PM ET,DET,0.0
RB,Ben VanSumeren,3000,KC@MIA 09/27/2026 1:00PM ET,KC,0.0
RB,Patrick Ricard,3000,TEN@NYG 09/27/2026 1:00PM ET,NYG,0.0
RB,Kimani Vidal,3000,LAC@BUF 09/27/2026 1:00PM ET,LAC,0.0
RB,Tahj Brooks,3000,CIN@PIT 09/27/2026 1:00PM ET,CIN,0.0
RB,Brashard Smith,3000,KC@MIA 09/27/2026 1:00PM ET,KC,0.0
RB,Isaiah Davis,3000,NYJ@DET 09/27/2026 1:00PM ET,NYJ,0.0
RB,Dylan Laube,3000,LV@NO 09/27/2026 4:25PM ET,LV,0.0
RB,British Brooks,3000,HOU@IND 09/27/2026 1:00PM ET,HOU,0.0
RB,Rasheen Ali,3000,BAL@DAL 09/27/2026 4:25PM ET,BAL,0.0
RB,Josh Williams,3000,MIN@TB 09/27/2026 4:05PM ET,TB,0.0
RB,Eli Heidenreich,3000,CIN@PIT 09/27/2026 1:00PM ET,PIT,0.0
RB,LeQuint Allen Jr.,3000,NE@JAX 09/27/2026 1:00PM ET,JAX,0.0
RB,Dylan Sampson,3000,CAR@CLE 09/27/2026 1:00PM ET,CLE,0.0
RB,Tyrone Tracy Jr.,3000,TEN@NYG 09/27/2026 1:00PM ET,NYG,-0.3
TE,Trey McBride,7500,ARI@SF 09/27/2026 4:05PM ET,ARI,21.3
TE,Dalton Kincaid,7300,LAC@BUF 09/27/2026 1:00PM ET,BUF,20.25
TE,Mike Gesicki,6900,CIN@PIT 09/27/2026 1:00PM ET,CIN,18.8
TE,Isaiah Likely,6800,TEN@NYG 09/27/2026 1:00PM ET,NYG,18.05
TE,Travis Kelce,6700,KC@MIA 09/27/2026 1:00PM ET,KC,17.6
TE,Dalton Schultz,6500,HOU@IND 09/27/2026 1:00PM ET,HOU,16.75
TE,Sam LaPorta,5800,NYJ@DET 09/27/2026 1:00PM ET,DET,13.5
TE,Tyler Warren,5600,HOU@IND 09/27/2026 1:00PM ET,IND,12.35
TE,Juwan Johnson,5600,LV@NO 09/27/2026 4:25PM ET,NO,12.5
TE,Dallas Goedert,5600,PHI@CHI 09/28/2026 8:15PM ET,PHI,12.55
TE,Jake Ferguson,5400,BAL@DAL 09/27/2026 4:25PM ET,DAL,11.45
TE,Darren Waller,5400,CAR@CLE 09/27/2026 1:00PM ET,CAR,11.55
TE,Pat Freiermuth,5400,CIN@PIT 09/27/2026 1:00PM ET,PIT,11.5
TE,George Kittle,5200,ARI@SF 09/27/2026 4:05PM ET,SF,10.6
TE,Mark Andrews,5100,BAL@DAL 09/27/2026 4:25PM ET,BAL,9.9
TE,T.J. Hockenson,5000,MIN@TB 09/27/2026 4:05PM ET,MIN,9.75
TE,Terrance Ferguson,4800,LA@DEN 09/27/2026 8:20PM ET,LA,8.7
TE,Evan Engram,4800,LA@DEN 09/27/2026 8:20PM ET,DEN,8.5
TE,Oronde Gadsden II,4600,LAC@BUF 09/27/2026 1:00PM ET,LAC,7.5
TE,Kenyon Sadiq,4600,NYJ@DET 09/27/2026 1:00PM ET,NYJ,7.55
TE,Harold Fannin Jr.,4500,CAR@CLE 09/27/2026 1:00PM ET,CLE,7.25
TE,Cade Otton,4500,MIN@TB 09/27/2026 4:05PM ET,TB,7.2
TE,Jonnu Smith,4500,ATL@GB 09/24/2026 8:15PM ET,GB,7.0
TE,Michael Mayer,4500,LV@NO 09/27/2026 4:25PM ET,LV,7.25
TE,Brenton Strange,4500,NE@JAX 09/27/2026 1:00PM ET,JAX,7.0
TE,Tucker Kraft,4400,ATL@GB 09/24/2026 8:15PM ET,GB,6.5
TE,Noah Fant,4400,LV@NO 09/27/2026 4:25PM ET,NO,6.65
TE,Nate Adkins,4300,LA@DEN 09/27/2026 8:20PM ET,DEN,6.4
TE,Hunter Henry,4300,NE@JAX 09/27/2026 1:00PM ET,NE,6.3
TE,David Njoku,4300,LAC@BUF 09/27/2026 1:00PM ET,LAC,6.35
TE,Blake Whiteheart,4200,CAR@CLE 09/27/2026 1:00PM ET,CLE,5.55
TE,AJ Barner,4200,SEA@WAS 09/27/2026 1:00PM ET,SEA,5.6
TE,Eli Raridon,4200,NE@JAX 09/27/2026 1:00PM ET,NE,5.6
TE,Cole Kmet,4200,PHI@CHI 09/28/2026 8:15PM ET,CHI,5.75
TE,Dawson Knox,4100,LAC@BUF 09/27/2026 1:00PM ET,BUF,5.1
TE,Gunnar Helm,4100,TEN@NYG 09/27/2026 1:00PM ET,TEN,5.05
TE,Drew Sample,4000,CIN@PIT 09/27/2026 1:00PM ET,CIN,4.9
TE,Foster Moreau,3900,HOU@IND 09/27/2026 1:00PM ET,HOU,4.45
TE,Austin Hooper,3800,ATL@GB 09/24/2026 8:15PM ET,ATL,4.0
TE,Greg Dulcich,3800,KC@MIA 09/27/2026 1:00PM ET,MIA,3.75
TE,Josh Oliver,3800,MIN@TB 09/27/2026 4:05PM ET,MIN,3.8
TE,Chig Okonkwo,3800,SEA@WAS 09/27/2026 1:00PM ET,WAS,3.6
TE,John Bates,3700,SEA@WAS 09/27/2026 1:00PM ET,WAS,3.3
TE,Tommy Tremble,3700,CAR@CLE 09/27/2026 1:00PM ET,CAR,3.45
TE,Adam Trautman,3600,LA@DEN 09/27/2026 8:20PM ET,DEN,3.0
TE,Johnny Mundt,3600,PHI@CHI 09/28/2026 8:15PM ET,PHI,2.8
TE,Elijah Arroyo,3600,SEA@WAS 09/27/2026 1:00PM ET,SEA,2.7
TE,Darnell Washington,3600,CIN@PIT 09/27/2026 1:00PM ET,PIT,2.75
TE,Charlie Kolar,3500,LAC@BUF 09/27/2026 1:00PM ET,LAC,2.55
TE,Colby Parkinson,3500,LA@DEN 09/27/2026 8:20PM ET,LA,2.55
TE,Marlin Klein,3500,HOU@IND 09/27/2026 1:00PM ET,HOU,2.6
TE,Erick All,3500,CIN@PIT 09/27/2026 1:00PM ET,CIN,2.5
TE,Matthew Hibner,3500,BAL@DAL 09/27/2026 4:25PM ET,BAL,2.3
TE,Luke Schoonmaker,3500,BAL@DAL 09/27/2026 4:25PM ET,DAL,2.2
TE,Mitchell Evans,3400,CAR@CLE 09/27/2026 1:00PM ET,CAR,2.1
TE,Ian Thomas,3400,LV@NO 09/27/2026 4:25PM ET,LV,2.1
TE,Jeremy Ruckert,3400,NYJ@DET 09/27/2026 1:00PM ET,NYJ,1.95
TE,Davis Allen,3400,LA@DEN 09/27/2026 8:20PM ET,LA,2.0
TE,Sam Roush,3400,PHI@CHI 09/28/2026 8:15PM ET,CHI,1.9
TE,Nate Boerkircher,3400,NE@JAX 09/27/2026 1:00PM ET,JAX,1.9
TE,Jake Briningstool,3400,KC@MIA 09/27/2026 1:00PM ET,KC,1.9
TE,Oscar Delp,3400,LV@NO 09/27/2026 4:25PM ET,NO,1.8
TE,Mason Taylor,3400,NYJ@DET 09/27/2026 1:00PM ET,NYJ,1.8
TE,Luke Farrell,3400,ARI@SF 09/27/2026 4:05PM ET,SF,1.95
TE,Brevyn Spann-Ford,3400,BAL@DAL 09/27/2026 4:25PM ET,DAL,1.7
TE,Ben Sinnott,3300,SEA@WAS 09/27/2026 1:00PM ET,WAS,1.6
TE,Kyle Pitts,3300,ATL@GB 09/24/2026 8:15PM ET,ATL,1.25
TE,Colson Yankoff,3300,SEA@WAS 09/27/2026 1:00PM ET,WAS,1.2
TE,Tanner Hudson,3300,CIN@PIT 09/27/2026 1:00PM ET,CIN,1.4
TE,Tyler Higbee,3300,LA@DEN 09/27/2026 8:20PM ET,LA,1.2
TE,Quintin Morris,3200,NE@JAX 09/27/2026 1:00PM ET,JAX,0.85
TE,Cade Stover,3200,HOU@IND 09/27/2026 1:00PM ET,HOU,0.8
TE,Theo Johnson,3200,TEN@NYG 09/27/2026 1:00PM ET,NYG,0.95
TE,Daniel Bellinger,3200,TEN@NYG 09/27/2026 1:00PM ET,TEN,0.85
TE,Brock Wright,3200,NYJ@DET 09/27/2026 1:00PM ET,DET,0.75
TE,Noah Gray,3200,KC@MIA 09/27/2026 1:00PM ET,KC,0.75
TE,Will Kacmarek,3100,KC@MIA 09/27/2026 1:00PM ET,MIA,0.7
TE,Colston Loveland,3100,PHI@CHI 09/28/2026 8:15PM ET,CHI,0.65
TE,Durham Smythe,3100,BAL@DAL 09/27/2026 4:25PM ET,BAL,0.7
TE,Bauer Sharp,3000,MIN@TB 09/27/2026 4:05PM ET,TB,0.0
TE,Elijah Higgins,3000,ARI@SF 09/27/2026 4:05PM ET,ARI,0.0
TE,Andrew Ogletree,3000,HOU@IND 09/27/2026 1:00PM ET,IND,0.0
TE,Nick Muse,3000,ATL@GB 09/24/2026 8:15PM ET,ATL,0.0
TE,Cameron Latu,3000,NE@JAX 09/27/2026 1:00PM ET,NE,0.0
TE,Brayden Willis,3000,ARI@SF 09/27/2026 4:05PM ET,SF,0.0
TE,Carsen Ryan,3000,CAR@CLE 09/27/2026 1:00PM ET,CLE,0.0
TE,Eric Saubert,3000,SEA@WAS 09/27/2026 1:00PM ET,SEA,0.0
TE,Charlie Woerner,3000,ATL@GB 09/24/2026 8:15PM ET,ATL,0.0
TE,Treyton Welch,3000,LV@NO 09/27/2026 4:25PM ET,NO,0.0
TE,Feleipe Franks,3000,CAR@CLE 09/27/2026 1:00PM ET,CAR,0.0
TE,Hunter Long,3000,ARI@SF 09/27/2026 4:05PM ET,ARI,0.0
TE,Keleki Latu,3000,LAC@BUF 09/27/2026 1:00PM ET,BUF,0.0
WR,Jaxon Smith-Njigba,10000,SEA@WAS 09/27/2026 1:00PM ET,SEA,34.35
WR,Amon-Ra St. Brown,9700,NYJ@DET 09/27/2026 1:00PM ET,DET,31.95
WR,Zay Flowers,8500,BAL@DAL 09/27/2026 4:25PM ET,BAL,26.0
WR,CeeDee Lamb,8300,BAL@DAL 09/27/2026 4:25PM ET,DAL,25.35
WR,Chris Olave,8300,LV@NO 09/27/2026 4:25PM ET,NO,25.4
WR,Jalen Coker,8100,CAR@CLE 09/27/2026 1:00PM ET,CAR,24.2
WR,Christian Watson,7900,ATL@GB 09/24/2026 8:15PM ET,GB,23.4
WR,Davante Adams,7700,LA@DEN 09/27/2026 8:20PM ET,LA,22.55
WR,Nico Collins,7500,HOU@IND 09/27/2026 1:00PM ET,HOU,21.2
WR,Justin Jefferson,7200,MIN@TB 09/27/2026 4:05PM ET,MIN,19.85
WR,Stefon Diggs,6900,SEA@WAS 09/27/2026 1:00PM ET,WAS,18.6
WR,DeVonta Smith,6800,PHI@CHI 09/28/2026 8:15PM ET,PHI,18.0
WR,Parker Washington,6800,NE@JAX 09/27/2026 1:00PM ET,JAX,18.05
WR,Denzel Boston,6600,CAR@CLE 09/27/2026 1:00PM ET,CLE,17.2
WR,Devaughn Vele,6300,LV@NO 09/27/2026 4:25PM ET,NO,15.65
WR,Garrett Wilson,6200,NYJ@DET 09/27/2026 1:00PM ET,NYJ,15.3
WR,Ja'Marr Chase,6100,CIN@PIT 09/27/2026 1:00PM ET,CIN,14.85
WR,Ryan Miller,6100,KC@MIA 09/27/2026 1:00PM ET,MIA,14.7
WR,Tre Tucker,5900,LV@NO 09/27/2026 4:25PM ET,LV,13.8
WR,Dontayvion Wicks,5900,PHI@CHI 09/28/2026 8:15PM ET,PHI,13.85
WR,Tetairoa McMillan,5700,CAR@CLE 09/27/2026 1:00PM ET,CAR,12.8
WR,Matthew Golden,5700,ATL@GB 09/24/2026 8:15PM ET,GB,12.65
WR,Kalif Raymond,5700,PHI@CHI 09/28/2026 8:15PM ET,CHI,12.7
WR,Mike Evans,5700,ARI@SF 09/27/2026 4:05PM ET,SF,12.65
WR,Ladd McConkey,5700,LAC@BUF 09/27/2026 1:00PM ET,LAC,12.85
WR,Puka Nacua,5600,LA@DEN 09/27/2026 8:20PM ET,LA,12.4
WR,Deebo Samuel Sr.,5600,ARI@SF 09/27/2026 4:05PM ET,SF,12.25
WR,Tee Higgins,5500,CIN@PIT 09/27/2026 1:00PM ET,CIN,11.7
WR,Jaylen Waddle,5400,LA@DEN 09/27/2026 8:20PM ET,DEN,11.5
WR,Rashod Bateman,5300,BAL@DAL 09/27/2026 4:25PM ET,BAL,10.9
WR,Rashee Rice,5300,KC@MIA 09/27/2026 1:00PM ET,KC,11.1
WR,Josh Palmer,5300,LAC@BUF 09/27/2026 1:00PM ET,BUF,10.85
WR,Emeka Egbuka,5300,MIN@TB 09/27/2026 4:05PM ET,TB,10.8
WR,Antonio Williams,5300,SEA@WAS 09/27/2026 1:00PM ET,WAS,10.9
WR,Adonai Mitchell,5200,NYJ@DET 09/27/2026 1:00PM ET,NYJ,10.65
WR,DJ Moore,5200,LAC@BUF 09/27/2026 1:00PM ET,BUF,10.45
WR,Josh Downs,5100,HOU@IND 09/27/2026 1:00PM ET,IND,9.95
WR,Demarcus Robinson,5000,ARI@SF 09/27/2026 4:05PM ET,SF,9.7
WR,Kendrick Bourne,5000,ARI@SF 09/27/2026 4:05PM ET,ARI,9.3
WR,Xavier Worthy,4900,KC@MIA 09/27/2026 1:00PM ET,KC,9.15
WR,Caleb Douglas,4900,KC@MIA 09/27/2026 1:00PM ET,MIA,9.15
WR,Michael Pittman,4800,CIN@PIT 09/27/2026 1:00PM ET,PIT,8.8
WR,Chris Godwin Jr.,4800,MIN@TB 09/27/2026 4:05PM ET,TB,8.55
WR,Elic Ayomanor,4800,TEN@NYG 09/27/2026 1:00PM ET,TEN,8.5
WR,Cody White,4700,LV@NO 09/27/2026 4:25PM ET,LV,8.2
WR,George Pickens,4700,BAL@DAL 09/27/2026 4:25PM ET,DAL,7.9
WR,KC Concepcion,4700,CAR@CLE 09/27/2026 1:00PM ET,CLE,8.0
WR,Khalil Shakir,4700,LAC@BUF 09/27/2026 1:00PM ET,BUF,7.9
WR,Jack Bech,4700,LV@NO 09/27/2026 4:25PM ET,LV,7.9
WR,Jakobi Meyers,4700,NE@JAX 09/27/2026 1:00PM ET,JAX,8.0
WR,Malik Washington,4600,KC@MIA 09/27/2026 1:00PM ET,MIA,7.5
WR,Germie Bernard,4600,CIN@PIT 09/27/2026 1:00PM ET,PIT,7.5
WR,Luther Burden III,4600,PHI@CHI 09/28/2026 8:15PM ET,CHI,7.85
WR,Drake London,4500,ATL@GB 09/24/2026 8:15PM ET,ATL,7.2
WR,Rome Odunze,4500,PHI@CHI 09/28/2026 8:15PM ET,CHI,7.25
WR,DK Metcalf,4500,CIN@PIT 09/27/2026 1:00PM ET,PIT,7.35
WR,Jahdae Walker,4500,PHI@CHI 09/28/2026 8:15PM ET,CHI,7.1
WR,Brian Thomas Jr.,4500,NE@JAX 09/27/2026 1:00PM ET,JAX,7.0
WR,Michael Wilson,4500,ARI@SF 09/27/2026 4:05PM ET,ARI,7.2
WR,Malik Nabers,4500,TEN@NYG 09/27/2026 1:00PM ET,NYG,7.0
WR,Keon Coleman,4400,LAC@BUF 09/27/2026 1:00PM ET,BUF,6.7
WR,Roman Wilson,4400,CIN@PIT 09/27/2026 1:00PM ET,PIT,6.7
WR,Xavier Hutchinson,4400,HOU@IND 09/27/2026 1:00PM ET,HOU,6.45
WR,Jameson Williams,4400,NYJ@DET 09/27/2026 1:00PM ET,DET,6.9
WR,Carnell Tate,4400,TEN@NYG 09/27/2026 1:00PM ET,TEN,6.75
WR,Mack Hollins,4400,NE@JAX 09/27/2026 1:00PM ET,NE,6.45
WR,Romeo Doubs,4300,NE@JAX 09/27/2026 1:00PM ET,NE,6.3
WR,Tyquan Thornton,4300,KC@MIA 09/27/2026 1:00PM ET,KC,6.3
WR,Isaiah Williams,4300,NYJ@DET 09/27/2026 1:00PM ET,NYJ,6.25
WR,Jaylin Noel,4300,HOU@IND 09/27/2026 1:00PM ET,HOU,6.35
WR,Alec Pierce,4300,HOU@IND 09/27/2026 1:00PM ET,IND,6.1
WR,Ryan Flournoy,4200,BAL@DAL 09/27/2026 4:25PM ET,DAL,5.75
WR,Darnell Mooney,4200,TEN@NYG 09/27/2026 1:00PM ET,NYG,5.75
WR,Tre Harris,4200,LAC@BUF 09/27/2026 1:00PM ET,LAC,5.65
WR,Devontez Walker,4200,BAL@DAL 09/27/2026 4:25PM ET,BAL,5.7
WR,A.J. Brown,4200,NE@JAX 09/27/2026 1:00PM ET,NE,5.6
WR,Calvin Ridley,4200,TEN@NYG 09/27/2026 1:00PM ET,TEN,5.5
WR,Ted Hurst III,4200,MIN@TB 09/27/2026 4:05PM ET,TB,5.65
WR,Darius Cooper,4100,PHI@CHI 09/28/2026 8:15PM ET,PHI,5.3
WR,Terry McLaurin,4100,SEA@WAS 09/27/2026 1:00PM ET,WAS,5.2
WR,Wan'Dale Robinson,4100,TEN@NYG 09/27/2026 1:00PM ET,TEN,5.35
WR,Keenan Allen,4100,HOU@IND 09/27/2026 1:00PM ET,IND,5.35
WR,Laquon Treadwell,4000,HOU@IND 09/27/2026 1:00PM ET,IND,4.55
WR,Kayshon Boutte,4000,HOU@IND 09/27/2026 1:00PM ET,HOU,4.9
WR,Malachi Fields,4000,TEN@NYG 09/27/2026 1:00PM ET,NYG,4.75
WR,Cooper Kupp,4000,SEA@WAS 09/27/2026 1:00PM ET,SEA,4.75
WR,Pat Bryant,4000,LA@DEN 09/27/2026 8:20PM ET,DEN,4.9
WR,Josh Cameron,4000,NE@JAX 09/27/2026 1:00PM ET,JAX,5.0
WR,Jalen Royals,3900,KC@MIA 09/27/2026 1:00PM ET,KC,4.3
WR,Xavier Legette,3900,CAR@CLE 09/27/2026 1:00PM ET,CAR,4.2
WR,Rashid Shaheed,3900,SEA@WAS 09/27/2026 1:00PM ET,SEA,4.15
WR,Courtland Sutton,3900,LA@DEN 09/27/2026 8:20PM ET,DEN,4.3
WR,Bryce Lance,3900,LV@NO 09/27/2026 4:25PM ET,NO,4.5
WR,DeMario Douglas,3900,NE@JAX 09/27/2026 1:00PM ET,NE,4.45
WR,Jared Wayne,3800,HOU@IND 09/27/2026 1:00PM ET,HOU,3.75
WR,Omar Cooper Jr.,3800,NYJ@DET 09/27/2026 1:00PM ET,NYJ,4.0
WR,Chris Moore,3800,BAL@DAL 09/27/2026 4:25PM ET,BAL,3.95
WR,Jalen Nailor,3800,LV@NO 09/27/2026 4:25PM ET,LV,3.8
WR,Jayden Reed,3700,ATL@GB 09/24/2026 8:15PM ET,GB,3.2
WR,Tez Johnson,3600,MIN@TB 09/27/2026 4:05PM ET,TB,2.75
WR,Jahan Dotson,3600,ATL@GB 09/24/2026 8:15PM ET,ATL,3.0
WR,Tutu Atwell,3600,LA@DEN 09/27/2026 8:20PM ET,LA,2.9
WR,Quentin Johnston,3600,LAC@BUF 09/27/2026 1:00PM ET,LAC,3.05
WR,LaJohntay Wester,3600,BAL@DAL 09/27/2026 4:25PM ET,BAL,2.95
WR,Isaac TeSlaa,3500,NYJ@DET 09/27/2026 1:00PM ET,DET,2.3
WR,Brenen Thompson,3500,LAC@BUF 09/27/2026 1:00PM ET,LAC,2.3
WR,Andrei Iosivas,3500,CIN@PIT 09/27/2026 1:00PM ET,CIN,2.45
WR,Makai Lemon,3500,PHI@CHI 09/28/2026 8:15PM ET,PHI,2.2
WR,Jerry Jeudy,3500,CAR@CLE 09/27/2026 1:00PM ET,CLE,2.3
WR,Marvin Harrison Jr.,3500,ARI@SF 09/27/2026 4:05PM ET,ARI,2.15
WR,Dyami Brown,3400,SEA@WAS 09/27/2026 1:00PM ET,WAS,2.05
WR,Jordan Addison,3400,MIN@TB 09/27/2026 4:05PM ET,MIN,2.05
WR,Troy Franklin,3400,LA@DEN 09/27/2026 8:20PM ET,DEN,2.1
WR,Dareke Young,3400,LV@NO 09/27/2026 4:25PM ET,LV,1.85
WR,Zachariah Branch,3400,ATL@GB 09/24/2026 8:15PM ET,ATL,1.7
WR,Ja'Kobi Lane,3400,BAL@DAL 09/27/2026 4:25PM ET,BAL,2.1
WR,Isaiah Bond,3400,CAR@CLE 09/27/2026 1:00PM ET,CLE,2.0
WR,Jonathan Mingo,3400,BAL@DAL 09/27/2026 4:25PM ET,DAL,2.0
WR,Jordan Whittington,3400,LA@DEN 09/27/2026 8:20PM ET,LA,1.8
WR,Colbie Young,3400,CIN@PIT 09/27/2026 1:00PM ET,CIN,1.7
WR,Kevin Austin Jr.,3400,LV@NO 09/27/2026 4:25PM ET,NO,1.7
WR,Dohnte Meyers,3400,CIN@PIT 09/27/2026 1:00PM ET,CIN,1.9
WR,Chris Bell,3400,KC@MIA 09/27/2026 1:00PM ET,MIA,1.75
WR,KhaDarel Hodge,3300,ARI@SF 09/27/2026 4:05PM ET,SF,1.4
WR,Skyy Moore,3300,ATL@GB 09/24/2026 8:15PM ET,GB,1.3
WR,Deion Burks,3300,HOU@IND 09/27/2026 1:00PM ET,IND,1.4
WR,Olamide Zaccheaus,3300,ATL@GB 09/24/2026 8:15PM ET,ATL,1.4
WR,Marquise Brown,3300,PHI@CHI 09/28/2026 8:15PM ET,PHI,1.2
WR,Ben Skowronek,3300,CIN@PIT 09/27/2026 1:00PM ET,PIT,1.2
WR,Konata Mumpfield,3200,LA@DEN 09/27/2026 8:20PM ET,LA,1.1
WR,Kyle Williams,3200,NE@JAX 09/27/2026 1:00PM ET,NE,1.0
WR,Chris Blair,3200,ATL@GB 09/24/2026 8:15PM ET,ATL,0.8
WR,Efton Chism III,3200,NE@JAX 09/27/2026 1:00PM ET,NE,0.8
WR,Bo Melton,3200,ATL@GB 09/24/2026 8:15PM ET,GB,1.0
WR,KaVontae Turpin,3200,BAL@DAL 09/27/2026 4:25PM ET,DAL,0.95
WR,Chimere Dike,3200,TEN@NYG 09/27/2026 1:00PM ET,TEN,0.85
WR,Jaylin Lane,3100,SEA@WAS 09/27/2026 1:00PM ET,WAS,0.7
WR,Malik Benson,3100,LV@NO 09/27/2026 4:25PM ET,LV,0.4
WR,Barion Brown,3000,LV@NO 09/27/2026 4:25PM ET,NO,0.15
WR,J. Michael Sturdivant,3000,ATL@GB 09/24/2026 8:15PM ET,GB,0.0
WR,Jimmy Horn Jr.,3000,CAR@CLE 09/27/2026 1:00PM ET,CAR,0.0
WR,Tom Kennedy,3000,NYJ@DET 09/27/2026 1:00PM ET,DET,0.0
WR,John Metchie III,3000,CAR@CLE 09/27/2026 1:00PM ET,CAR,0.0
WR,Tay Martin,3000,NYJ@DET 09/27/2026 1:00PM ET,DET,0.0
WR,Marvin Mims Jr.,3000,LA@DEN 09/27/2026 8:20PM ET,DEN,0.0
WR,Brycen Tremayne,3000,CAR@CLE 09/27/2026 1:00PM ET,CAR,0.0
WR,Britain Covey,3000,PHI@CHI 09/28/2026 8:15PM ET,PHI,0.0
WR,Treylon Burks,3000,SEA@WAS 09/27/2026 1:00PM ET,WAS,0.0
WR,Derius Davis,3000,LAC@BUF 09/27/2026 1:00PM ET,LAC,0.0
WR,Xavier Smith,3000,LA@DEN 09/27/2026 8:20PM ET,LA,0.0
WR,Nikko Remigio,3000,KC@MIA 09/27/2026 1:00PM ET,KC,0.0
WR,Jalen Brooks,3000,ARI@SF 09/27/2026 4:05PM ET,ARI,0.0
WR,Kaden Wetjen,3000,CIN@PIT 09/27/2026 1:00PM ET,PIT,0.0
WR,Kaden Davis,3000,PHI@CHI 09/28/2026 8:15PM ET,CHI,0.0
WR,Zavion Thomas,3000,PHI@CHI 09/28/2026 8:15PM ET,CHI,0.0
WR,Cyrus Allen,3000,KC@MIA 09/27/2026 1:00PM ET,KC,0.0
WR,Jacob Cowing,3000,ARI@SF 09/27/2026 4:05PM ET,SF,0.0
WR,Kameron Johnson,3000,MIN@TB 09/27/2026 4:05PM ET,TB,0.0
WR,Malachi Corley,3000,CAR@CLE 09/27/2026 1:00PM ET,CLE,0.0
WR,Arian Smith,3000,NYJ@DET 09/27/2026 1:00PM ET,NYJ,0.0
WR,Anthony Gould,3000,HOU@IND 09/27/2026 1:00PM ET,IND,0.0
WR,Jauan Jennings,3000,MIN@TB 09/27/2026 4:05PM ET,MIN,0.0
WR,Devin Duvernay,3000,ARI@SF 09/27/2026 4:05PM ET,ARI,0.0
WR,Simi Fehoko,3000,ARI@SF 09/27/2026 4:05PM ET,ARI,0.0
WR,Montorie Foster Jr,3000,SEA@WAS 09/27/2026 1:00PM ET,SEA,0.0
WR,Lil'Jordan Humphrey,3000,LA@DEN 09/27/2026 8:20PM ET,DEN,0.0
WR,Greg Dortch,3000,LAC@BUF 09/27/2026 1:00PM ET,BUF,0.0
WR,Ashton Dulin,3000,HOU@IND 09/27/2026 1:00PM ET,IND,0.0
WR,Myles Price,3000,MIN@TB 09/27/2026 4:05PM ET,MIN,0.0
WR,Braxton Berrios,3000,TEN@NYG 09/27/2026 1:00PM ET,NYG,0.0
WR,Kevin Coleman Jr.,3000,KC@MIA 09/27/2026 1:00PM ET,MIA,0.0
